{
  "train_loss": [
    0.7750853479173448,
    0.10498599656422933,
    0.09334418784247504,
    0.04198857627974616,
    0.03227785184648302,
    0.03819830858045154,
    0.02413918654786216,
    0.005570365935564041,
    0.0037178585959805385,
    0.0009622666173511081,
    0.0005894253452618916,
    0.0004937532900108232,
    0.0004394290132655038,
    0.00040083859943681294,
    0.000378112207684252,
    0.0003591379382544094,
    0.00034911824928389657,
    0.00034320759856038626,
    0.00034000297139088315,
    0.00033890386505259405
  ],
  "train_acc": [
    0.7515555555555555,
    0.9813333333333333,
    0.9728888888888889,
    0.986,
    0.988,
    0.986,
    0.9888888888888889,
    0.9944444444444445,
    0.9944444444444445,
    0.9955555555555555,
    0.9955555555555555,
    0.9955555555555555,
    0.9955555555555555,
    0.9955555555555555,
    0.9955555555555555,
    0.9955555555555555,
    0.9955555555555555,
    0.9955555555555555,
    0.9955555555555555,
    0.9955555555555555
  ],
  "eval_loss": [
    0.21646519231796266,
    0.04361377772688866,
    0.04625696793198585,
    0.03196979319304228,
    0.07369194650650024,
    0.20769745564460754,
    0.009324598841369151,
    0.027720601081848144,
    0.016080178308300674,
    0.0006809337642043829,
    0.0004898298780899495,
    0.000423292824998498,
    0.00037830317299813033,
    0.00034211666136980056,
    0.0003201928057242185,
    0.0003061601254157722,
    0.0002990770596079528,
    0.0002952179606072605,
    0.0002936822504270822,
    0.00029346039006486534
  ],
  "eval_acc": [
    0.9639999933242798,
    0.9880000047683716,
    0.9900000023841858,
    0.994,
    0.9799999957084655,
    0.9679999957084656,
    1.0,
    0.9940000047683716,
    0.996,
    1.0,
    1.0,
    1.0,
    1.0,
    1.0,
    1.0,
    1.0,
    1.0,
    1.0,
    1.0,
    1.0
  ],
  "confidence": [
    0.5333903020222982,
    0.919523927476671,
    0.9693330705430773,
    0.9801866438123915,
    0.9865350969102648,
    0.986908704969618,
    0.9902091725667318,
    0.9928824649386936,
    0.9939188995361328,
    0.9946121860080295,
    0.9949663781060113,
    0.9950619676378039,
    0.9951162685818142,
    0.9951548377143012,
    0.9951775461832683,
    0.995196517944336,
    0.9952065141465929,
    0.9952124379475912,
    0.9952156355116103,
    0.9952167307535807
  ],
  "low_conf_ratio": [
    0.5906666666666667,
    0.010666666666666666,
    0.0071111111111111115,
    0.0033333333333333335,
    0.0011111111111111111,
    0.0028888888888888888,
    0.0017777777777777779,
    0.00044444444444444447,
    0.00022222222222222223,
    0.0,
    0.0,
    0.0,
    0.0,
    0.0,
    0.0,
    0.0,
    0.0,
    0.0,
    0.0,
    0.0
  ],
  "learning_rate": [
    0.00035,
    0.0007,
    0.0009998286624877785,
    0.0009890738003669028,
    0.0009619397662556434,
    0.0009193352839727121,
    0.0008626871855061439,
    0.0007938926261462366,
    0.0007152555484041476,
    0.0006294095225512603,
    0.0005392295478639225,
    0.00044773576836617336,
    0.0003579923276480387,
    0.00027300475013022663,
    0.00019561928549563967,
    0.00012842758726130281,
    7.367991782295391e-05,
    3.3209786751399184e-05,
    8.372546218022748e-06,
    0.0
  ],
  "epochs_completed": 20,
  "total_steps": 700,
  "curriculum_phase": 1,
  "best_acc": 1.0
}